Question,Respondent 1,Respondent 2,Respondent 3,Respondent 4,Respondent 5,Respondent 6
Age Group,18-24,25-34,18-24,35-44,25-34,18-24
Gaming Frequency,Occasionally,Very Often,Very Often,Rarely,Occasionally,Often
Visual Design,Very Good,Good,Excellent,Good,Very Good,Good
Audio Feedback,Good,Good,Very Good,Fair,Good,Very Good
Button Responsiveness,Excellent,Good,Excellent,Good,Very Good,Good
Instructions Clarity,Very Good,Very Good,Good,Very Good,Excellent,Good
Difficulty Progression,Just Right,Hard,Just Right,Just Right,Just Right,Too Easy
Special Mode Features,Very Good,Good,Excellent,Good,Good,Very Good
Timer Mode Experience,Helpful,Neutral,Helpful,Very Helpful,Helpful,Stressful
Would Play Again,Probably Yes,Probably Yes,Definitely Yes,Maybe,Probably Yes,Probably Yes
Q11_Ease of Learning (1-5),5,4,5,4,5,4
Q12_Launcher Intuitiveness (1-5),4,5,5,3,4,4
Q13_Response Speed (1-5),5,4,5,4,5,4
Q14_Sequence Clarity (1-5),5,4,4,5,5,3
Q15_Difficulty Balance (1-5),4,3,4,5,4,2
Q16_Special Mode Enjoyment (1-5),5,4,5,4,4,5
Q17_Leaderboard Motivation (1-5),4,5,5,3,4,3
Q18_Feedback Features (1-5),4,3,5,2,4,3
Q19_Performance Errors (1-5),5,4,5,4,5,4
Q20_Overall Satisfaction (1-5),5,4,5,4,4,3
