Question,Average (1-5),Distribution
Visual Design,4.0,Excellent:1 / VeryGood:2 / Good:3 / Fair:0 / Poor:0
Audio Feedback,3.5,VeryGood:2 / Good:2 / Fair:1 / Poor:0
Button Responsiveness,4.2,Excellent:2 / VeryGood:1 / Good:3 / Fair:0 / Poor:0
Instructions Clarity,4.2,Excellent:1 / VeryGood:3 / Good:2 / Fair:0 / Poor:0
Difficulty Progression,-,JustRight:3 / Hard:1 / TooEasy:1 / TooHard:0
Special Mode Features,4.3,Excellent:2 / VeryGood:2 / Good:2 / Fair:0 / Poor:0
Timer Mode Experience,-,VeryHelpful:1 / Helpful:3 / Neutral:1 / Stressful:1
Would Play Again,-,DefinitelyYes:1 / ProbablyYes:4 / Maybe:1
Q11_Ease of Learning,4.5,5(3) / 4(3) / 3(0) / 2(0) / 1(0)
Q12_Launcher Intuitiveness,4.0,5(1) / 4(3) / 3(2) / 2(0) / 1(0)
Q13_Response Speed,4.5,5(3) / 4(3) / 3(0) / 2(0) / 1(0)
Q14_Sequence Clarity,4.3,5(2) / 4(2) / 3(2) / 2(0) / 1(0)
Q15_Difficulty Balance,3.7,5(1) / 4(2) / 3(1) / 2(2) / 1(0)
Q16_Special Mode Enjoyment,4.5,5(3) / 4(3) / 3(0) / 2(0) / 1(0)
Q17_Leaderboard Motivation,4.0,5(2) / 4(1) / 3(3) / 2(0) / 1(0)
Q18_Feedback Features,3.5,5(1) / 4(2) / 3(2) / 2(1) / 1(0)
Q19_Performance Errors,4.5,5(3) / 4(3) / 3(0) / 2(0) / 1(0)
Q20_Overall Satisfaction,4.2,5(2) / 4(3) / 3(1) / 2(0) / 1(0)
